{
  "accuracy": 0.875,
  "f1_score": 0.8742,
  "classification_report": {
    "0": {
      "precision": 0.8703703703703703,
      "recall": 0.88125,
      "f1-score": 0.8757763975155279,
      "support": 160.0
    },
    "1": {
      "precision": 0.879746835443038,
      "recall": 0.86875,
      "f1-score": 0.8742138364779874,
      "support": 160.0
    },
    "accuracy": 0.875,
    "macro avg": {
      "precision": 0.8750586029067042,
      "recall": 0.875,
      "f1-score": 0.8749951169967577,
      "support": 320.0
    },
    "weighted avg": {
      "precision": 0.8750586029067042,
      "recall": 0.875,
      "f1-score": 0.8749951169967577,
      "support": 320.0
    }
  },
  "confusion_matrix": [
    [
      141,
      19
    ],
    [
      21,
      139
    ]
  ],
  "train_size": 1280,
  "test_size": 320
}